1	1.0.0	2026-10-09	-	Первая версия.
2	1.0.1	2026-10-09	900625af92e09de4de824c1af879be56586d12c5937ea54e4e73b0e9ed4ca9ae	Приложение запускается.
3	1.0.2	2026-10-10	de0ed09730c2d7a12450553e5dad397fd47bc889aadbe3f7d783fdd39b4bd104	Новый дизайн и настройки.
4	1.0.3	2026-10-10	c146d90404e54863f4b39a35db6a2e02a0760b50f5a9267bee16a480b8b11600	Перелистывание свайпом.
5	1.0.4	2026-10-10	5bcdaad907d59a76dd5b9e6b1ce185272e03df0c7b8f6d57fdb6d8cbe25a5c31	Уведомления держатся до конца старта.
6	1.0.5	2026-10-10	066307c32dd697895010a1e90bbd563fcc0e1b17bd9147d4f4ac798ca41d556c	Исправлена строка обновлений.
7	1.0.6	2026-10-10	5a0011b81479504f206780e96ef7b6365ab152f34d0d94d93a8cf39036910439	Быстрее скачиваются обновления.
8	1.0.7	2026-10-10	2c6ecaf79d75667670d41cf8f3db393b08689d9b521ac7af19dafa50f167f82b	Уведомления на iPhone обновляются сами.
9	1.0.8	2026-10-10	00d7553cdb01d4cd3a7947c9f8be15d9e6d27c77215542f001a6bd0bd8e65823	Исправлены фото и строка состояния.
10	1.0.9	2026-10-10	badace5c7129edcef1af96ee17d6a0458c1e69f21c6b00b105744af4ed4522e2	Версии для Windows и Mac.
11	1.0.10	2026-10-10	680ecf22a376d24ab4b02c6d5834be51599593e227c95478447c11680a80bd78	Итоги во время старта и примечательное.
12	1.0.11	2026-10-10	7573fa323c097dbe1294fd83e781fa65c6ab0a57076ce30f1f4bc871b50e747e	Флаги стран, россияне и белорусы.
13	1.0.12	2026-10-10	4d2614c4323551310b55c030f3479d4210cee593ca714c744dcb45a66a219d4d	Убраны флаги стран.
